_id,title,tags
62d81b43fa607f81d488a990,The 100 Most Popular Instagram Hashtags,"#love,#instagood,#photooftheday,#fashion,#beautiful,#happy,#cute,#tbt,#like4like,#followme,#picoftheday,#follow,#me,#selfie,#summer,#art,#instadaily,#friends,#repost,#nature,#girl,#fun,#style,#smile,#food,#instalike,#likeforlike,#family,#travel,#fitness,#euro2020,#tagsforlikes,#follow4follow,#nofilter,#life,#beauty,#amazing,#instamood,#igers,#instagram,#photo,#music,#photography,#makeup,#dog,#beach,#sunset,#model,#foodporn,#motivation,#followforfollow,#sky,#lifestyle,#design,#gym,#f4f,#toofunny,#cat,#handmade,#hair,#vscocam,#bestoftheday,#vsco,#funny,#dogsofinstagram,#drawing, #artist, #f4fl,#flowers,#baby, #wedding,#girls,#instapic,#pretty,#photographer, #instafood,#party,#inspiration,#lol, #cool,#workout,#likeforfollow,#swag,#fit,#healthy,#yummy,#blackandwhite, #foodie,#moda,#home,#christmas,#black, #memes,#winter,#pink, #sea,#landscape, #blue,#london,#holiday"
62d81bfdfa607f81d488a991,Best Instagram Hashtags for Likes and Follows,"#instadaily,#LikesForLikes,#instagram,#fashion,#me,#FollowMe,#love,#photography,#LikeForLike,#like,#followers,#likes,#LikeForLikes,#FollowForFollow,#myself,#f,#instalike,#comment,#beautiful,#LikeForFollow,#instagood,#l,#FollowBack,#smile,#PhotoOfTheDay,#FollowForFollowBack,#follow,#bhfyp,#PicOfTheDay"
62d81c3efa607f81d488a993,Best Instagram Hashtags for Pet Lovers,"#CatLover,#of,#DogLovers,#cute,#cats,#dogstagram,#puppy,#catstagram,#dogs,#animal,#animals,#DogLife,#cachorro,#instagram,#DogOfTheDay,#love,#pets,#petstagram,#PetLovers,#DogsOfInstagram,#dog,#doglover,#instagood,#instapet,#PetsOfInstagram,#CatsOfInstagram,#pet,#cat,#instadog"
62d81c57fa607f81d488a994,Best Instagram Hashtags for Travel Lovers,"#TravelPhotography,#PicOfTheDay,#NaturePhotography,#TravelBlogger,#beautiful,#landscape,#adventure,#explore,#instatravel,#photo,#trip,#summer,#travelgram,#photography,#art,#travel,#wanderlust,#nature,#instagood,#PhotoOfTheDay"
62d81c77fa607f81d488a995,Best Instagram Hashtags for the Fashion Industry,"#bhfyp,#smile,#OutfitOfTheDay,#FashionPhotography,#FollowBack,#ootd,#FashionBlogger,#WhatIWore,#follow,#fashionista,#PhotoOfTheDay,#StyleInspo,#instastyle,#love,#CurrentlyWearing,#FashionBlog,#ShoppingAddict,#LookGoodFeelGood,#FashionAddict,#FashionStyle,#BeautyDoesntHaveToBePain,#style,#fashion,#FollowForFollowBack,#fashionable,#l,#PicOfTheDay,#fashiongram"
62d81c9afa607f81d488a996,Best Instagram Hashtags for Fitness Influencers,"#exercise,#bodybuilding,#life,#gymlife,#motivation,#healthy,#lifestyle,#health,#gym,#sport,#training,#workout,#HealthyLifestyle,#muscle,#fit,#CrossFit,#fitness,#FitFam,#goals,#PersonalTrainer,#FitnessMotivation"
62d81cb1fa607f81d488a997,Best Instagram Hashtags for Running a Contest or Giveaway,"#giveaway,#sweepstakes,#WinItWednesday,#freebie,#ContestAlert,#ContestEntry,#instacontest,#instagiveaway,#WinIt,#contest,#GiveawayAlert,#giveaway"
62d81ccbfa607f81d488a998,Best Instagram Hashtags for Your Reels,"#ReelsInstagram,#VideoOfTheDay,#ReelsIndia,#ReelSteady,#disney,#ForYouPage,#InstagramReels,#bhfyp,#instareels,#reelsinsta,#fyp,#ReelsOfInstagram,#TikTokIndia,#HolaReels,#reels,#ReelsBrasil,#k,#ReelsVideo,#instareel,#music"
62d81ce4fa607f81d488a999,Best Instagram Hashtags for Foodies,"#instafood,#FoodBlogger,#lunch,#PicOfTheDay,#instadaily,#FoodPhotography,#PhotoOfTheDay,#food,#healthy,#foodie,#FoodLover,#bhfyp,#instagood,#tasty,#delicious,#foodstagram,#homemade,#cooking,#FoodPorn,#love,#foodgasm,#foodies,#HealthyFood,#dinner,#yummy,#restaurant"
